{
  "_id": "56dc3eff975aa89c2a62ea03",
  "img": "1F.png",
  "remark": null,
  "name": "测试文件2-1",
  "type": "1024x768",
  "createAt": "2016-02-16T08:43:11.109Z",
  "children": false,
  "list": [
    {
      "name": "空调系统",
      "children": [
        {
          "name": "空调控制1",
          "children": false,
          "left": 63,
          "top": 94,
          "width": 82,
          "height": 73.4,
          "img":"air.png",
          "type": "AirConditioner",
          "object" : {
            "Onoff_Group_Address" : 255,
            "OnOff_Status_Group_Address" : 255,
            "Temperature_Base_Point_Group_Address" : 255,
            "Temperature_Setting_Group_Address" : 255,
            "Environment_Temperature_Group_Address" : 255,
            "Mode_Setting_Group_Address" : 255,
            "Mode_Status_Group_Address" : 255,
            "Wind_Speed_Setting_Group_Address" : 255,
            "Wind_Speed_Status_Group_Address" : 255
          }
        },
        {
          "name": "空调控制2",
          "children": false,
          "left": 293,
          "top": 121,
          "width": 82,
          "height": 73.4,
          "img":"air.png",
          "type": "AirConditioner",
          "object" : {
            "Onoff_Group_Address" : 255,
            "OnOff_Status_Group_Address" : 255,
            "Temperature_Base_Point_Group_Address" : 255,
            "Temperature_Setting_Group_Address" : 255,
            "Environment_Temperature_Group_Address" : 255,
            "Mode_Setting_Group_Address" : 255,
            "Mode_Status_Group_Address" : 255,
            "Wind_Speed_Setting_Group_Address" : 255,
            "Wind_Speed_Status_Group_Address" : 255
          }
        }
      ]
    },
    {
      "name": "地暖系统",
      "children": [
        {
          "name": "地暖1",
          "children": false,
          "left": 534,
          "top": 241,
          "width": 46,
          "height": 68.4,
          "img":"heat.png",
          "type": "heat",
          "object": {
            "PressDown_Group_Address" : 255,
            "PressUp_Group_Address" : 255,
            "ShortPressed_Group_Address" : 255,
            "LongPressed_Group_Address" : 255,
            "ButtonStatus_Group_Address" : 255
          }
        }
      ]
    }
  ]
}