[
  {
    "id": "56dc3d1b975aa89c2a62e9fa",
    "text": "测试工程",
    "children": [
      {
        "id": "56dc3e45975aa89c2a62e9fd",
        "text": "测试文件1",
        "children": [
          {
            "id": "56dc3e8c975aa89c2a62ea00",
            "text": "测试文件1-1",
            "children": false
          }
        ]
      },
      {
        "id": "56dc3e45975aa89c2a62e9fe",
        "text": "测试文件2",
        "children": [
          {
            "id": "56dc3e8c975aa89c2a62ea01",
            "text": "测试文件2-1",
            "children": [
              {
                "id": "56dc3eff975aa89c2a62ea03",
                "text": "测试文件2-1-1",
                "children": false
              }
            ]
          },
          {
            "id": "56dc3ee8975aa89c2a62ea02",
            "text": "测试文件2-2",
            "children": false
          }
        ]
      }
    ]
  },
  {
    "id": "56dc3ee8975aa89c2a62ea07",
    "text": "img",
    "children": [
      {
        "id": "56dc3ee8975aa8928e1321",
        "text": "空调.png",
        "children": false
      },
      {
        "id": "56dc3ee8975aa8928e1322",
        "text": "1F.png",
        "children": false
      },
      {
        "id": "56dc3ee8975aa8928e1323",
        "text": "2F.png",
        "children": false
      },
      {
        "id": "56dc3ee8975aa8928e1324",
        "text": "3F.png",
        "children": false
      }
    ]
  }
]